title,creator,date,type,venue,venue_type,status,theme,subtheme,trajectory,project_group,subject,description,abstract,doi,arxiv_id,cited_by,citation,object_thumb,object_location,reference_url
"Towards Housing Equity: The Role of CDBG Grants","Stokan, Eric; Overton, Michael; Hatch, Megan","2025","Journal Article","Urban Affairs Review","Peer-reviewed journal","Published","Municipal Finance and Budgeting","Economic Development","Community Development Block Grants","","Housing policy; Social equity; CDBG; Federal grants","Journal Article in Urban Affairs Review. 2025.","Housing rehabilitation investments funded through programs such as the Community Development Block Grant (CDBG) have been shown to increase property values; however, whether the same market value returns to these investments is realized for racial minority homeowners has lacked empirical scrutiny. This article examines the impact of housing rehabilitation services, funded through the CDBG program, on changes in property values in Dallas County, Texas, between 2004 and 2020. Based on a prediction of the homeowner&#39;s race/ethnicity, we estimate the impact of these investments on property values using a Generalized Synthetic Control model. The results highlight that while the program is effective and enhances outcome equality, with no significant difference in property value effects between estimates for different race/ethnicity groups, outcome equity is not achieved. This goal imposes higher standards than efficiency or equality for policymakers wishing to pursue racial outcome equity requiring governments to tailor programs to overcome historical discrimination.","https://doi.org/10.1177/10780874251359269","","","Stokan, Eric, Michael Overton, Megan Hatch. (2025) &quot;Towards Housing Equity: The Role of CDBG Grants.&quot; Urban Affairs Review, (OnlineFirst). https://doi.org/10.1177/10780874251359269","https://www.michaeloverton.net/research/objects/thumbs/towards_housing_equity_the_role_of_cdbg_grants_th.jpg","https://doi.org/10.1177/10780874251359269",/research/items/towards_housing_equity_the_role_of_cdbg_grants.html
"Is There a Gold Standard or Need for a City-Centric Approach for Sales Tax Revenue Forecasting","Larson, Sarah; Overton, Michael","2025","Journal Article","Public Finance Journal","Peer-reviewed journal","Published","Municipal Finance and Budgeting","Forecasting","Sales Tax Revenue Forecasting","","Revenue forecasting; Sales tax; Municipal finance","Journal Article in Public Finance Journal. 2025.","The accuracy of sales tax revenue forecasting is essential for local governments, as they rely on these forecasts to develop their annual budgets. Previous research has focused on identifying gold-standard forecasting methods with high average accuracy across multiple cities. However, such approaches may still produce inaccurate predictions for specific municipalities, making this scholarship less relevant to practitioners. Our research addresses the gap in the existing literature by focusing on the relative accuracy of forecasts from the municipal perspective rather than the overall average accuracy across all municipalities—a city-centric approach—to identify variations in various machine learning and traditional revenue forecasting methods. Here, we show that following the steps of PREE: (P) prepare, (R) run multiple models, (E) evaluate against benchmarks, and (E) evaluate overall performance can help to maximize the accuracy of sales tax revenue forecasting at the municipal level. The high variability in model performance across municipalities highlights the risks associated with relying on a single gold-standard forecasting approach. Instead, practitioners should focus on forecasting processes, such as PREE.","https://doi.org/10.59469/pfj.2025.45","","1","Larson, Sarah and Michael Overton. (2025) &quot;Is There a Gold Standard or Need for a City-Centric Approach for Sales Tax Revenue Forecasting.&quot; Public Finance Journal, 2 (2), 99-120. https://doi.org/10.59469/pfj.2025.45","https://www.michaeloverton.net/research/objects/thumbs/is_there_a_gold_standard_or_need_for_a_city_centric_approach_th.jpg","https://doi.org/10.59469/pfj.2025.45",/research/items/is_there_a_gold_standard_or_need_for_a_city_centric_approach.html
"Rethinking Development and Redistribution Policy: Testing the Local Expenditure Assumption using the Community Development Block Grant Program","Overton, Michael; Stokan, Eric","2025","Journal Article","Journal of Urban Affairs","Peer-reviewed journal","Published","Municipal Finance and Budgeting","Economic Development","Community Development Block Grants","","Local expenditure; CDBG; Redistribution; Urban policy","Journal Article in Journal of Urban Affairs. 2025.","Local governments make important public service decisions based on a critical assumption from urban political economy scholarship that development activities lead to economic growth, while redistributive activities do not. Using the Community Development Block Grant (CDBG) program, we test this local expenditure assumption by exploring the differential effectiveness of CDBG activities on individual and neighboring residential and commercial property values. To this end, we challenge the notion that development policies frequently improve economic returns while redistributive policies do not. We analyze the economic impact of 16 different CDBG activities on more than seven million properties between 2004 and 2017 in Dallas County, Texas. We find strong evidence that, contrary to conventional wisdom, redistributive policies can yield positive economic returns while development expenditures have mixed results. These findings have important implications for local governments seeking to grow their economy equitably.","https://doi.org/10.1080/07352166.2023.2171880","","7","Overton, Michael and Eric Stokan. (2025). &quot;Rethinking Development and Redistribution Policy: Testing the Local Expenditure Assumption using the Community Development Block Grant Program.&quot; Journal of Urban Affairs, 47 (1), 214-234. https://doi.org/10.1080/07352166.2023.2171880","https://www.michaeloverton.net/research/objects/thumbs/rethinking_development_and_redistribution_policy_testing_the_th.jpg","https://doi.org/10.1080/07352166.2023.2171880",/research/items/rethinking_development_and_redistribution_policy_testing_the.html
"Assessing the Impact of Generative Artificial Intelligence on the U.S. Federal Workforce through a Competency-Based Approach","Resh, Bill; Ming, Yi; Xia, Xinyao; Overton, Michael; Gurbuz, Gul Nisa; Breuhl, Brandon De","2025","Preprint","arXiv","Preprint","Under review","Data Science and AI","AI","","AI and The Future of Government Work","Generative AI; Federal workforce; Competency","Preprint in arXiv. 2025.","This study investigates the near-future impacts of generative artificial intelligence (AI) technologies on occupational competencies across the U.S. federal workforce. We develop a multi-stage Retrieval-Augmented Generation system to leverage large language models for predictive AI modeling that projects shifts in required competencies and to identify vulnerable occupations on a knowledge-by-skill-by-ability basis across the federal government workforce. This study highlights policy recommendations essential for workforce planning in the era of AI. We integrate several sources of detailed data on occupational requirements across the federal government from both centralized and decentralized human resource sources, including from the U.S. Office of Personnel Management (OPM) and various federal agencies. While our preliminary findings suggest some significant shifts in required competencies and potential vulnerability of certain roles to AI-driven changes, we provide nuanced insights that support arguments against abrupt or generic approaches to strategic human capital planning around the development of generative AI. The study aims to inform strategic workforce planning and policy development within federal agencies and demonstrates how this approach can be replicated across other large employment institutions and labor markets.","https://doi.org/10.48550/arXiv.2503.09637","2503.09637","1","Resh, Bill, Yi Ming, Xinyao Xia, Michael Overton, Gul Nisa Gurbuz, and Brandon De Breuhl. &quot;Assessing the Impact of Generative Artificial Intelligence on the U.S. Federal Workforce through a Competency-Based Approach.&quot; arXiv preprint arXiv:2503.09637. https://doi.org/10.48550/arXiv.2503.09637 (Under Review)","https://www.michaeloverton.net/research/objects/thumbs/assessing_the_impact_of_generative_artificial_intelligence_o_th.jpg","https://www.michaeloverton.net/research/objects/genai_federal_workforce.pdf",/research/items/assessing_the_impact_of_generative_artificial_intelligence_o.html
"TaMPERING with Large Language Models: A Field Guide for Generative AI in Public Administration Research","Overton, Michael; Robison, Barrie; Sheneman, Luke","2025","Preprint","arXiv","Preprint","Under review","Data Science and AI","AI","","","Generative AI; LLMs; Research methods; Reporting standards","Preprint in arXiv. 2025.","The integration of Large Language Models (LLMs) into social science research presents transformative opportunities for advancing scientific inquiry, particularly in public administration (PA). However, the absence of standardized methodologies for using LLMs poses significant challenges for ensuring transparency, reproducibility, and replicability. This manuscript introduces the TaMPER framework-a structured methodology organized around five critical decision points: Task, Model, Prompt, Evaluation, and Reporting. The TaMPER framework provides scholars with a systematic approach to leveraging LLMs effectively while addressing key challenges such as model variability, prompt design, evaluation protocols, and transparent reporting practices.","https://doi.org/10.48550/arXiv.2504.01037","2504.01037","","Overton, Michael, Barrie Robison, and Luke Sheneman. &quot;TaMPERING with Large Language Models: A Field Guide for Generative AI in Public Administration Research.&quot; arXiv preprint arXiv:2504.01037. https://doi.org/10.48550/arXiv.2504.01037 (Under Review)","https://www.michaeloverton.net/research/objects/thumbs/tampering_with_large_language_models_a_field_guide_for_gener_th.jpg","https://www.michaeloverton.net/research/objects/tampering_llm.pdf",/research/items/tampering_with_large_language_models_a_field_guide_for_gener.html
"Modeling Approach Matters but not as Much as Preprocessing: Comparison of Machine Learning and Traditional Revenue Forecasting Techniques","Larson, Sarah; Overton, Michael","2024","Journal Article","Public Finance Journal","Peer-reviewed journal","Published","Municipal Finance and Budgeting","Forecasting","Sales Tax Revenue Forecasting","","Machine learning; Revenue forecasting; Preprocessing","Journal Article in Public Finance Journal. 2024.","Revenue forecasting accuracy is critical to governmental operations. This paper addresses the question: What is the best technique for forecasting sales tax revenue? Prior studies in this area have focused on the differences between machine learning techniques and traditional approaches and neglected to consider how differences in pre-processing steps for the data before the forecasting model is applied are important. Here, we show that machine learning techniques do not always provide increased forecasting accuracy. Instead, the modeling choices matter, but less than the prior literature and practice suggested. Rather, pre-processing makes the most significant difference in forecasting accuracy, and forecasters need to understand the unique characteristics of time series data to improve forecasting performance. The immediate implications of these findings are that the focus of practitioners of in sales tax revenue forecasting should shift from prioritizing model choice towards data pre-processing.","https://doi.org/10.59469/pfj.2024.8","","7","Larson, Sarah and Michael Overton. (2024). &quot;Modeling Approach Matters but not as Much as Preprocessing: Comparison of Machine Learning and Traditional Revenue Forecasting Techniques.&quot; Public Finance Journal, 1 (1), 29-48. https://doi.org/10.59469/pfj.2024.8","https://www.michaeloverton.net/research/objects/thumbs/modeling_approach_matters_but_not_as_much_as_preprocessing_c_th.jpg","https://doi.org/10.59469/pfj.2024.8",/research/items/modeling_approach_matters_but_not_as_much_as_preprocessing_c.html
"Whose Neighborhood Needs? Assessing the Spatial Distribution of Federal Community Development Funds","Stokan, Eric; Overton, Michael; Deslatte, Aaron; Zhang, Christine","2024","Journal Article","Urban Affairs Review","Peer-reviewed journal","Published","Municipal Finance and Budgeting","Economic Development","Community Development Block Grants","","Spatial analysis; Community development; Federal funding","Journal Article in Urban Affairs Review. 2024.","Local governments must balance their growth ambitions against needs arising from social inequities. The Community Development Block Grant (CDBG) program aims to redress these disparities by directing funds toward disinvested tracts. We ask whether a city&#39;s institutional design, public and private actor composition, and resource availability influence the decision to invest in communities with greater levels of social need. Utilizing a social equity framework, we connect place-level procedural fairness mechanisms with neighborhood-level access equity consequences. Combining U.S. local government survey data over two decades with census tract-level CDBG expenditures, we find that in neighborhood where 51 percent or more of the families are low-to-moderate income (LMI), its likelihood of receiving funds increases with its share of LMI population relative to the city&#39;s, but at a diminished rate compared to non-LMI tracts. Further, city-level factors moderate this relationship (e.g., including community development corporations in planning processes).","https://doi.org/10.1177/10780874231212843","","5","Stokan, Eric, Michael Overton, Aaron Deslatte, Christine Zhang. (2024). &quot;Whose Neighborhood Needs? Assessing the Spatial Distribution of Federal Community Development Funds.&quot; Urban Affairs Review, 60 (1), 29-48. https://doi.org/10.1177/10780874231212843","https://www.michaeloverton.net/research/objects/thumbs/whose_neighborhood_needs_assessing_the_spatial_distribution_th.jpg","https://doi.org/10.1177/10780874231212843",/research/items/whose_neighborhood_needs_assessing_the_spatial_distribution.html
"50 Years as the 4th Pillar of Public Administration: A Polycentric Extension of the Social Equity Framework","Stokan, Eric; Hatch, Megan; Overton, Michael","2023","Journal Article","Public Administration","Peer-reviewed journal","Published","Municipal Finance and Budgeting","Economic Development","Community Development Block Grants","","Social equity; Polycentricity; Public administration theory","Journal Article in Public Administration. 2023.","Abstract While public consideration of social equity pre‐dates Minnowbrook (Blessett et al., 2019; Burnier, 2021), the field formally recognized social equity as its fourth pillar after the conference (Frederickson, 1971). The National Academy of Public Administration (NAPA, 2000), Svara and Brunet (2004, 2005), and Johnson and Svara (2011) outlined a unified social equity framework along four dimensions: procedural fairness, access, quality, and outcomes. We build on this important work by offering a polycentric extension , which considers what social equity means when government programs are often place‐based and delivered in an intergovernmental context with multiple decision‐making units across spatial levels (e.g., state, city, neighborhood) simultaneously. Using the Community Development Block Grant as an example, we demonstrate the importance of careful consideration of geographic levels in the delivery of public goods for understanding the program&#39;s social equity implications. The polycentric framework can be a useful tool for evaluating the social equity of policies.","https://doi.org/10.1111/padm.12888","","30","Stokan, Eric, Megan Hatch, and Michael Overton. (2023). &quot;50 Years as the 4th Pillar of Public Administration: A Polycentric Extension of the Social Equity Framework.&quot; Public Administration, 101 (4), 1427-1442. https://doi.org/10.1111/padm.12888","https://www.michaeloverton.net/research/objects/thumbs/50_years_as_the_4th_pillar_of_public_administration_a_polyce_th.jpg","https://doi.org/10.1111/padm.12888",/research/items/50_years_as_the_4th_pillar_of_public_administration_a_polyce.html
"Administrative Informatics: A Roundtable on the Conceptual Foundations of a Public Administration-Centered Data Science Subfield","Overton, Michael; Kleinschmit, Stephen; Feeney, Mary; Fusi, Federica; Hart, Nick; Maruolis, Spiro; Schwoerer, Kayla; Stokan, Eric; Thomas, Herschel; Workman, Samuel","2023","Journal Article","Journal of Behavioral Public Administration","Peer-reviewed journal","Published","Data Science and AI","Data Science","Administrative Informatics","","Administrative informatics; Data science; Disciplinary formation","Journal Article in Journal of Behavioral Public Administration. 2023.","The purpose of this roundtable is to present, argue, and evaluate the role of administrative informatics in behavioral public administration. This essay is broken up into three sections. The first section introduces the substantive focus of administrative informatics and how it can be studied. The second section introduces the central concepts required to establish a new approach to scientific knowledge production. The final section provides a short overview of the contributions of the roundtable and nests them within the arguments established in this essay.","https://doi.org/10.30636/jbpa.61.330","","2","Overton, Michael, Stephen Kleinschmit, Mary Feeney, Federica Fusi, Nick Hart, Spiro Maruolis, Kayla Schwoerer, Eric Stokan, Herschel Thomas, and Samuel Workman. (2023) &quot;Administrative Informatics: A Roundtable on the Conceptual Foundations of a Public Administration-Centered Data Science Subfield.&quot; Overton, Michael and Stephen Kleinschmit contributed &quot;Defining Administrative Informatics: An Applied Data Science Subfield for the Public Sector.&quot; Journal of Behavioral Public Administration, (6), 1-31. https://doi.org/10.30636/jbpa.61.330","https://www.michaeloverton.net/research/objects/thumbs/administrative_informatics_a_roundtable_on_the_conceptual_fo_th.jpg","https://doi.org/10.30636/jbpa.61.330",/research/items/administrative_informatics_a_roundtable_on_the_conceptual_fo.html
"Transforming research methods education through data science literacy","Overton, Michael; Kleinschmit, Stephen","2023","Journal Article","Teaching Public Administration","Peer-reviewed journal","Published","Data Science and AI","Data Science","Data Science Literacy","","Pedagogy; Research methods; Data science literacy","Journal Article in Teaching Public Administration. 2023.","Mass adoption of advanced information technologies is fueling a need for public servants with the skills to manage data-driven public agencies. Public employees typically acquire data skills through graduate research methods courses, which focus primarily on research design and statistical analysis. What data skills are currently taught, and what content should Master of Public Administration (MPA) programs include in their research method courses? We categorized research method course content in 52 syllabi from 31 MPA programs to understand how data skills are taught in public administration. We find that most graduate programs rely on research methods more suited for academic and policy research while lacking the data skills needed to modernize public agencies. Informed by these results, this work presents the Data Science Literacy Framework as a guide for assessing and planning curriculum within MPA programs.","https://doi-org.uidaho.idm.oclc.org/10.1177/01447394221084488","","8","Overton, Michael, and Stephen Kleinschmit. (2023). &quot;Transforming research methods education through data science literacy.&quot; Teaching Public Administration, 41 (2), 149-169. https://doi-org.uidaho.idm.oclc.org/10.1177/01447394221084488","https://www.michaeloverton.net/research/objects/thumbs/transforming_research_methods_education_through_data_science_th.jpg","https://doi-org.uidaho.idm.oclc.org/10.1177/01447394221084488",/research/items/transforming_research_methods_education_through_data_science.html
"Theoretical Foundations of Public Budgeting: The Road to Entrepreneurial Budgeting and Beyond","Bland, Robert; Overton, Michael; Prentice, Valencia","2023","Book Chapter","The Research Handbook on Public Finance","Book Chapter","Published","Municipal Finance and Budgeting","Budgeting","","","Budgeting theory; Entrepreneurial budgeting","Book Chapter in The Research Handbook on Public Finance. 2023.","","","","","Bland, Robert, Michael Overton, and Valencia Prentice. (2023) &quot;Theoretical Foundations of Public Budgeting: The Road to Entrepreneurial Budgeting and Beyond.&quot; In: The Research Handbook on Public Finance.","https://www.michaeloverton.net/research/objects/thumbs/theoretical_foundations_of_public_budgeting_the_road_to_entr_th.jpg","",/research/items/theoretical_foundations_of_public_budgeting_the_road_to_entr.html
"Public Data Primacy: The Changing Landscape of Public Service Delivery as Big Data gets Bigger","Overton, Michael; Larson, Sarah; Carlson, Lisa; Kleinschmit, Stephen","2022","Journal Article","Global Public Policy and Governance","Peer-reviewed journal","Published","Data Science and AI","Data Science","Administrative Informatics","","Big data; Public service delivery; Governance","Journal Article in Global Public Policy and Governance. 2022.","","https://doi.org/10.1007/s43508-022-00052-z","","18","Overton, Michael, Sarah Larson, Lisa Carlson, and Stephen Kleinschmit. (2022). &quot;Public Data Primacy: The Changing Landscape of Public Service Delivery as Big Data gets Bigger.&quot; Global Public Policy and Governance. 1 (2), 381-399. https://doi.org/10.1007/s43508-022-00052-z","https://www.michaeloverton.net/research/objects/thumbs/public_data_primacy_the_changing_landscape_of_public_service_th.jpg","https://doi.org/10.1007/s43508-022-00052-z",/research/items/public_data_primacy_the_changing_landscape_of_public_service.html
"Data Science Literacy: Towards a Philosophy of Accessible and Adaptable Data Science Skill Development in Public Administration Programs","Overton, Michael; Kleinschmit, Stephen","2022","Journal Article","Teaching Public Administration","Peer-reviewed journal","Published","Data Science and AI","Data Science","Data Science Literacy","","Data science literacy; Pedagogy; MPA curriculum","Journal Article in Teaching Public Administration. 2022.","Public administration is struggling to contend with a substantial shift in practice fueled by the accelerating adoption of information technology. New skills, competencies and pedagogies are required by the field to help overcome the data-skills gap. As a means to address these deficiencies, we introduce the Data Science Literacy Framework, a heuristic for incorporating data science principles into public administration programs. The framework suggests that data literacy is the dominant principle underlying a shift in professional practice, accentuated by an understanding of computational science, statistical methodology, and data-adjacent domain knowledge. A combination of new and existing skills meshed into public administration curriculums help implement these principles and advance public administration education.","https://doi.org/10.1177/01447394211004990","","29","Overton, Michael and Stephen Kleinschmit. (2022). &quot;Data Science Literacy: Towards a Philosophy of Accessible and Adaptable Data Science Skill Development in Public Administration Programs.&quot; Teaching Public Administration, 40 (3), 354-365. https://doi.org/10.1177/01447394211004990","https://www.michaeloverton.net/research/objects/thumbs/data_science_literacy_towards_a_philosophy_of_accessible_and_th.jpg","https://doi.org/10.1177/01447394211004990",/research/items/data_science_literacy_towards_a_philosophy_of_accessible_and.html
"Budget Volatility and Economic Base Composition in Local Governments","Overton, Michael; Bland, Robert","2022","Journal Article","Municipal Finance Journal","Peer-reviewed journal","Published","Municipal Finance and Budgeting","Economic Development","","","Budget volatility; Economic base; Municipal finance","Journal Article in Municipal Finance Journal. 2022.","Budget volatility—the difference between expected and actual revenues and expenditures—is a critical component to sustaining a local government’s fiscal health. Although scholars have examined many determinants of budget volatility, less understood is the effect of a local government’s economy—the composition of its economic base—on budget volatility. To fill this gap, this article uses panel data methods to test the impact of a city’s economic base on budget volatility. The results suggest that industrial diversification has no impact on budget stability but that certain industrial clusters do generally promote budget stability.","","","","Overton, Michael, and Robert Bland. (2022). &quot;Budget Volatility and Economic Base Composition in Local Governments.&quot; Municipal Finance Journal, 43 (1), 1-23.","https://www.michaeloverton.net/research/objects/thumbs/budget_volatility_and_economic_base_composition_in_local_gov_th.jpg","",/research/items/budget_volatility_and_economic_base_composition_in_local_gov.html
"Emergent Patterns in Local Economic Development in Light of COVID-19","Johnson, Brad; Wilson, Darrin; Stokan, Eric; Overton, Michael","2022","Journal Article","State and Local Government Review","Peer-reviewed journal","Published","Municipal Finance and Budgeting","Economic Development","","","COVID-19; Economic development; Local government","Journal Article in State and Local Government Review. 2022.","The COVID-19 pandemic pressured local governments to employ creative and untested economic development strategies to stabilize private businesses. To explore how the uncertainty of the pandemic impacted the priorities and strategies of economic development officials, we surveyed officials about their initial economic development response to the pandemic coupled with subsequent in-depth interviews in the Cincinnati metropolitan region. Our analysis suggests that local officials did not drastically alter their use of supply-side tools during the pandemic. However, they did start coupling supply-side with demand-side policies in unique ways compared to past economic crises. This study also finds that the pandemic affected collaboration processes, leading officials to deepen and forge relationships with other local governments. We find that these shifts have proven durable over the past year as municipalities continue to grapple with changing economic conditions due to COVID-19. As additional waves are likely, we suggest that administrators must consider the skills required to manage evolving economic conditions as well as both the supply and demand sides of local economic development.","https://doi.org/10.1177/0160323X221097711","","7","Johnson, Brad, Darrin Wilson, Eric Stokan, and Michael Overton. (2022). &quot;Emergent Patterns in Local Economic Development in Light of COVID-19.&quot; State and Local Government Review, 54 (2), 174-191. https://doi.org/10.1177/0160323X221097711","https://www.michaeloverton.net/research/objects/thumbs/emergent_patterns_in_local_economic_development_in_light_of_th.jpg","https://doi.org/10.1177/0160323X221097711",/research/items/emergent_patterns_in_local_economic_development_in_light_of.html
"Book Review of the Public Affairs Faculty Manual","Overton, Michael","2021","Book Review","Journal of Public and Nonprofit Affairs","Book Review","Published","Municipal Finance and Budgeting","General PA","","","Book review; Public affairs education","Book Review in Journal of Public and Nonprofit Affairs. 2021.","In The Public Affairs Faculty Manual: A Guide to the Effective Management of Public Affairs Programs, editors Bruce McDonald III and William Hatcher, provide a broad overview on designing, leading, and managing a public affairs (PA) program. The edited volume is explicitly written for PA faculty in new leadership roles in higher education, though it is a useful reference for administrators of all levels and even useful for regular faculty. Despite excellent journals focused on PA education, such as Journal of Public Affairs Education, and Teaching Public Administration, there is a clear need for a focused cultivation of fundamental knowledge, research, and experience-informed advice for academic administrators in PA programs.","https://doi.org/10.20899/jpna.7.2.293-296","","2","Overton, Michael. (2021). &quot;Book Review of the Public Affairs Faculty Manual.&quot; Journal of Public and Nonprofit Affairs, 7 (2), 293-296. https://doi.org/10.20899/jpna.7.2.293-296.","https://www.michaeloverton.net/research/objects/thumbs/book_review_of_the_public_affairs_faculty_manual_th.jpg","https://doi.org/10.20899/jpna.7.2.293-296",/research/items/book_review_of_the_public_affairs_faculty_manual.html
"Institutional Collective Action During Covid-19: Lessons in Local Economic Development","Wilson, Darrin; Johnson, Brad; Stokan, Eric; Overton, Michael","2020","Journal Article","Public Administration Review","Peer-reviewed journal","Published","Municipal Finance and Budgeting","Economic Development","","","COVID-19; Institutional collective action; Economic development","Journal Article in Public Administration Review. 2020.","At this point, little is known about local government responses to the economic crisis caused by COVID-19. This crisis is happening on Main Streets around the nation. This article examines how some local governments are taking collective action in partnership with other governments as well as with organizations at the local and regional levels. What is unique is that collective action is rare as it relates to traditional economic development practices, yet it is occurring and leading to offerings of multi-institutional grants and low-interest loans. However, some newer supply- and demand-side actions are the result of a lack of resources and need for expediency. Practitioners can learn about the collaborative economic development actions that governments are taking and how these partnerships can stabilize their local economies.","https://doi.org/10.1111/puar.13234","","42","Wilson, Darrin, Brad Johnson, Eric Stokan, and Michael Overton. (2020). &quot;Institutional Collective Action During Covid-19: Lessons in Local Economic Development.&quot; Public Administration Review, 80 (5), 862-865. https://doi.org/10.1111/puar.13234","https://www.michaeloverton.net/research/objects/thumbs/institutional_collective_action_during_covid_19_lessons_in_l_th.jpg","https://doi.org/10.1111/puar.13234",/research/items/institutional_collective_action_during_covid_19_lessons_in_l.html
"Investigating Sales Tax Revenue Competition among Principal Cities and Their Neighboring Cities in Texas","Overton, Michael; Nukpezah, Julius","2020","Journal Article","International Journal of Public Administration","Peer-reviewed journal","Published","Municipal Finance and Budgeting","Municipal Competition","Market Differentiation and Municipal Competition","","Sales tax; Tax competition; Local government","Journal Article in International Journal of Public Administration. 2020.","While research has explored the economic importance of principal cities on regional economies, little is known about the short-run and long-run dynamic relationships between principal cities and their neighboring cities as it pertains to their sales tax revenue elasticities and the subsequent affect this has on horizontal tax competition. Using vector error correction models on data from six principal cities in Texas, the findings of this study suggest that the relationship between principal and neighboring cities is highly dynamic and unique for each principal city. The study recommends that local economic policies should reflect these unique relationships.","https://doi.org/10.1080/01900692.2019.1661433","","11","Overton, Michael, and Julius Nukpezah. (2020). &quot;Investigating Sales Tax Revenue Competition among Principal Cities and Their Neighboring Cities in Texas.&quot; International Journal of Public Administration, 43 (11), 937-948. https://doi.org/10.1080/01900692.2019.1661433","https://www.michaeloverton.net/research/objects/thumbs/investigating_sales_tax_revenue_competition_among_principal_th.jpg","https://doi.org/10.1080/01900692.2019.1661433",/research/items/investigating_sales_tax_revenue_competition_among_principal.html
"Vertical and Horizontal Tax Competition in the USA","Nukpezah, Julius; Overton, Michael","2020","Book Chapter","Global Encyclopedia of Public Administration (Springer)","Book Chapter","Published","Municipal Finance and Budgeting","Municipal Competition","Market Differentiation and Municipal Competition","","Tax competition; Federalism","Book Chapter in Global Encyclopedia of Public Administration (Springer). 2020.","","https://doi.org/10.1007/978-3-319-31816-5_3936-1","","2","Nukpezah, Julius, and Michael Overton. (2020) &quot;Vertical and Horizontal Tax Competition in the USA.&quot; In: Farazmand A. (ed.) Global Encyclopedia of Public Administration. (pp.1-8) Springer, Cham. https://doi.org/10.1007/978-3-319-31816-5_3936-1.","https://www.michaeloverton.net/research/objects/thumbs/vertical_and_horizontal_tax_competition_in_the_usa_th.jpg","https://doi.org/10.1007/978-3-319-31816-5_3936-1",/research/items/vertical_and_horizontal_tax_competition_in_the_usa.html
"A Century of Budget Innovations","Bland, Bob; Overton, Michael","2020","Magazine Article","PM Magazine","Magazine Article","Published","Municipal Finance and Budgeting","Budgeting","","","Budgeting history; Public budgeting","Magazine Article in PM Magazine. 2020.","","","","","Bland, Bob, and Michael Overton (2020). &quot;A Century of Budget Innovations.&quot; PM Magazine, February 102 (2): 12-19.","https://www.michaeloverton.net/research/objects/thumbs/a_century_of_budget_innovations_th.jpg","",/research/items/a_century_of_budget_innovations.html
"A Budgeting Guide for Local Government","Bland, Bob; Overton, Michael","2019","Book","ICMA Press","Book","Published","Municipal Finance and Budgeting","Budgeting","","","Public budgeting; Practitioner guidance; Local government","Book in ICMA Press. 2019.","","","","","Bland, Bob, and Michael Overton (2019). A Budgeting Guide for Local Government. 4th ed. International City/County Management Association Press: Washington, DC.","https://www.michaeloverton.net/research/objects/thumbs/a_budgeting_guide_for_local_government_th.jpg","",/research/items/a_budgeting_guide_for_local_government.html
"Market Differentiation and the Adoption of Economic Development Strategies: Explaining Policy Adoption in Metropolitan Areas","Overton, Michael","2018","Journal Article","The Review of Regional Studies","Peer-reviewed journal","Published","Municipal Finance and Budgeting","Municipal Competition","Market Differentiation and Municipal Competition","","Economic development strategy; Policy adoption; Metropolitan areas","Journal Article in The Review of Regional Studies. 2018.","Local government competition for private business investment is a central concern in polycentric governance. Previous research argues that competition for business investment is intense and ubiquitous across local governments (Peterson, 1981; Rubin, 1988). However, local government managers adopt policy and economic development strategies in the context of the strategies adopted by neighboring local governments. Do cities, knowing the economic development strategies of their neighboring cities, pursue similar types of businesses? Or do they strategically target different types of businesses to avoid the negative consequences of competition? Hypotheses are tested by applying product differentiation theory to policy adoption in metropolitan areas using spatial regression analysis on a sample of 2,299 cities. Results indicate that cities pursue similar development strategies as neighboring cities, but will implement increasingly differentiated strategies as population heterogeneity and political and bureaucratic incentives increase. Furthermore, this study finds that a city’s reliance on the sales tax and the costs of competing for business location impact the type of development strategy used by a city.","https://doi.org/10.52324/001c.7990","","5","Overton, Michael. (2018). &quot;Market Differentiation and the Adoption of Economic Development Strategies: Explaining Policy Adoption in Metropolitan Areas.&quot; The Review of Regional Studies, 48 (3), 299-322. https://doi.org/10.52324/001c.7990","https://www.michaeloverton.net/research/objects/thumbs/market_differentiation_and_the_adoption_of_economic_developm_th.jpg","https://doi.org/10.52324/001c.7990",/research/items/market_differentiation_and_the_adoption_of_economic_developm.html
"Early Payments, Late Payments, and Revenue Volatility in Texas Cities","Overton, Michael; Nukpezah, Julius; Ismayilov, Orkhan","2017","Journal Article","Public Money &amp; Management","Peer-reviewed journal","Published","Municipal Finance and Budgeting","Forecasting","Sales Tax Revenue Forecasting","","Revenue volatility; Municipal finance; Texas","Journal Article in Public Money &amp; Management. 2017.","Local governments with volatile revenues face a variety of managerial challenges. This study examines the impact of prepayments and late payments on sales tax revenue volatility (STRV). Prepayments and late payments have the potential of disrupting the predictability of sales tax revenue. Using a sample of 1,075 cities in Texas over a 15-year period (1998 to 2013), the study finds that late payments impact STRV while early payments do not.","https://doi.org/10.1080/09540962.2017.1372099","","6","Overton, Michael, Julius Nukpezah, and Orkhan Ismayilov. (2017). &quot;Early Payments, Late Payments, and Revenue Volatility in Texas Cities.&quot; Public Money &amp; Management, 38 (7), 469-476. https://doi.org/10.1080/09540962.2017.1372099","https://www.michaeloverton.net/research/objects/thumbs/early_payments_late_payments_and_revenue_volatility_in_texas_th.jpg","https://doi.org/10.1080/09540962.2017.1372099",/research/items/early_payments_late_payments_and_revenue_volatility_in_texas.html
"Sorting Through the Determinants of Local Government Competition","Overton, Michael","2017","Journal Article","The American Review of Public Administration","Peer-reviewed journal","Published","Municipal Finance and Budgeting","Municipal Competition","Market Differentiation and Municipal Competition","","Local competition; Tiebout; Public choice","Journal Article in The American Review of Public Administration. 2017.","Competition among local governments for business investment and residents is a key feature of metropolitan governance scholarship. Despite the excellent work exploring interjurisdictional competition, the conceptualization and operationalization of competition still lack the necessary complexity to fully capture the determinants of competition. In reality, the degree of competition between local governments is a multidimensional concept. How do the different dimensions of competition impact a city’s own-source revenue yield? Using a Spatial Durbin Model (SDM) to analyze a sample of 2,299 U.S. cities, this study finds that household income differentiation and manufacturing differentiation are important in a city’s revenue yield, and both types of differentiation limit head-to-head competition among local governments. In addition, the results indicate that entry barriers and collaboration affect a city’s revenue yields, while the number of cities in a metropolitan statistical area (MSA) does not influence those collections.","https://doi.org/10.1177/0275074016651143","","31","Overton, Michael. (2017). &quot;Sorting Through the Determinants of Local Government Competition.&quot; The American Review of Public Administration, 47 (8), 914-928. https://doi.org/10.1177/0275074016651143","https://www.michaeloverton.net/research/objects/thumbs/sorting_through_the_determinants_of_local_government_competi_th.jpg","https://doi.org/10.1177/0275074016651143",/research/items/sorting_through_the_determinants_of_local_government_competi.html
"Assessing the Contributions of Collaborators in Public-Private Partnerships: Evidence from Tax Increment Financing","Bland, Robert; Overton, Michael","2016","Journal Article","The American Review of Public Administration","Peer-reviewed journal","Published","Municipal Finance and Budgeting","Economic Development","Public-Private Partnerships","","Public-private partnerships; TIF; Collaboration","Journal Article in The American Review of Public Administration. 2016.","Partnerships that bring together public, private, and nonprofit organizations have become widely used by local governments. But we lack knowledge about the distinct contributions of collaborators to the partnership. This study uses tax increment financing (TIF) in Dallas, Texas, to assess the distinctive roles of public and private partners in achieving mutually beneficial policy outcomes. We find that, while public investment is essential to the partnership’s success, private investment directly increases property values. The city’s greatest contribution is to leverage private investment to create added taxable value in the TIF district. The increased property value provides revenue that is used for public purposes benefiting TIF district occupants. As with other quasi-private institutions that have gained popularity in the new order of governance, the appeal of TIF is its capacity to create public goods with bounded benefits. In addition, both institutional and operational knowledge contribute to the partnership’s success. The city’s experience at establishing new TIF districts and administering existing ones increases taxable value.","https://doi.org/10.1177/0275074014559246","","20","Bland, Robert and Michael Overton. (2016). &quot;Assessing the Contributions of Collaborators in Public-Private Partnerships: Evidence from Tax Increment Financing.&quot; The American Review of Public Administration, 46 (4), 418-435. https://doi.org/10.1177/0275074014559246","https://www.michaeloverton.net/research/objects/thumbs/assessing_the_contributions_of_collaborators_in_public_priva_th.jpg","https://doi.org/10.1177/0275074014559246",/research/items/assessing_the_contributions_of_collaborators_in_public_priva.html
"The Great Recession&#39;s Impact on Credible Commitment: An Analysis of Private Investment in Tax Increment Financing Districts","Overton, Michael; Bland, Robert","2014","Journal Article","State and Local Government Review","Peer-reviewed journal","Published","Municipal Finance and Budgeting","Economic Development","Public-Private Partnerships","","Tax increment financing; Public-private partnerships","Journal Article in State and Local Government Review. 2014.","This study explores the Great Recession’s effect on the commitment by the city of Dallas, Texas, to its private partners in seventeen tax increment financing (TIF) districts. What effect did the recession have on private investment in public–private partnerships? Did the recession cause a loss of credibility in the city’s commitment, resulting in lower levels of private investment? Was there a lasting structural change in the determinants of private participation stemming from the recession? Results from a random effects Tobit model show that the city’s proposed budget for each TIF district was a significant determinant of the level of private investment. However, during the recession, the actual amount of investment by the city was essential to reassuring private investors of the city’s commitment.","https://doi.org/10.1177/0160323X14559713","","12","Overton, Michael and Robert Bland. (2014). &quot;The Great Recession&#39;s Impact on Credible Commitment: An Analysis of Private Investment in Tax Increment Financing Districts.&quot; State and Local Government Review, 46 (4), 282-297. https://doi.org/10.1177/0160323X14559713","https://www.michaeloverton.net/research/objects/thumbs/the_great_recession_s_impact_on_credible_commitment_an_analy_th.jpg","https://doi.org/10.1177/0160323X14559713",/research/items/the_great_recession_s_impact_on_credible_commitment_an_analy.html

