subject,count,link
"municipal finance",3,"https://www.michaeloverton.net/research/browse.html#municipal%20finance"
"local government",3,"https://www.michaeloverton.net/research/browse.html#local%20government"
"social equity",2,"https://www.michaeloverton.net/research/browse.html#social%20equity"
"cdbg",2,"https://www.michaeloverton.net/research/browse.html#cdbg"
"public budgeting",2,"https://www.michaeloverton.net/research/browse.html#public%20budgeting"
"revenue forecasting",2,"https://www.michaeloverton.net/research/browse.html#revenue%20forecasting"
"sales tax",2,"https://www.michaeloverton.net/research/browse.html#sales%20tax"
"covid-19",2,"https://www.michaeloverton.net/research/browse.html#covid-19"
"public-private partnerships",2,"https://www.michaeloverton.net/research/browse.html#public-private%20partnerships"
"economic development",2,"https://www.michaeloverton.net/research/browse.html#economic%20development"
"generative ai",2,"https://www.michaeloverton.net/research/browse.html#generative%20ai"
"tax competition",2,"https://www.michaeloverton.net/research/browse.html#tax%20competition"
"data science literacy",2,"https://www.michaeloverton.net/research/browse.html#data%20science%20literacy"
"research methods",2,"https://www.michaeloverton.net/research/browse.html#research%20methods"
"pedagogy",2,"https://www.michaeloverton.net/research/browse.html#pedagogy"
"institutional collective action",1,"https://www.michaeloverton.net/research/browse.html#institutional%20collective%20action"
"federalism",1,"https://www.michaeloverton.net/research/browse.html#federalism"
"budgeting history",1,"https://www.michaeloverton.net/research/browse.html#budgeting%20history"
"public affairs education",1,"https://www.michaeloverton.net/research/browse.html#public%20affairs%20education"
"book review",1,"https://www.michaeloverton.net/research/browse.html#book%20review"
"economic base",1,"https://www.michaeloverton.net/research/browse.html#economic%20base"
"budget volatility",1,"https://www.michaeloverton.net/research/browse.html#budget%20volatility"
"practitioner guidance",1,"https://www.michaeloverton.net/research/browse.html#practitioner%20guidance"
"economic development strategy",1,"https://www.michaeloverton.net/research/browse.html#economic%20development%20strategy"
"policy adoption",1,"https://www.michaeloverton.net/research/browse.html#policy%20adoption"
"metropolitan areas",1,"https://www.michaeloverton.net/research/browse.html#metropolitan%20areas"
"revenue volatility",1,"https://www.michaeloverton.net/research/browse.html#revenue%20volatility"
"texas",1,"https://www.michaeloverton.net/research/browse.html#texas"
"local competition",1,"https://www.michaeloverton.net/research/browse.html#local%20competition"
"tiebout",1,"https://www.michaeloverton.net/research/browse.html#tiebout"
"public choice",1,"https://www.michaeloverton.net/research/browse.html#public%20choice"
"tif",1,"https://www.michaeloverton.net/research/browse.html#tif"
"collaboration",1,"https://www.michaeloverton.net/research/browse.html#collaboration"
"tax increment financing",1,"https://www.michaeloverton.net/research/browse.html#tax%20increment%20financing"
"housing policy",1,"https://www.michaeloverton.net/research/browse.html#housing%20policy"
"federal grants",1,"https://www.michaeloverton.net/research/browse.html#federal%20grants"
"local expenditure",1,"https://www.michaeloverton.net/research/browse.html#local%20expenditure"
"redistribution",1,"https://www.michaeloverton.net/research/browse.html#redistribution"
"urban policy",1,"https://www.michaeloverton.net/research/browse.html#urban%20policy"
"federal workforce",1,"https://www.michaeloverton.net/research/browse.html#federal%20workforce"
"competency",1,"https://www.michaeloverton.net/research/browse.html#competency"
"llms",1,"https://www.michaeloverton.net/research/browse.html#llms"
"reporting standards",1,"https://www.michaeloverton.net/research/browse.html#reporting%20standards"
"machine learning",1,"https://www.michaeloverton.net/research/browse.html#machine%20learning"
"preprocessing",1,"https://www.michaeloverton.net/research/browse.html#preprocessing"
"spatial analysis",1,"https://www.michaeloverton.net/research/browse.html#spatial%20analysis"
"community development",1,"https://www.michaeloverton.net/research/browse.html#community%20development"
"federal funding",1,"https://www.michaeloverton.net/research/browse.html#federal%20funding"
"polycentricity",1,"https://www.michaeloverton.net/research/browse.html#polycentricity"
"public administration theory",1,"https://www.michaeloverton.net/research/browse.html#public%20administration%20theory"
"administrative informatics",1,"https://www.michaeloverton.net/research/browse.html#administrative%20informatics"
"data science",1,"https://www.michaeloverton.net/research/browse.html#data%20science"
"disciplinary formation",1,"https://www.michaeloverton.net/research/browse.html#disciplinary%20formation"
"budgeting theory",1,"https://www.michaeloverton.net/research/browse.html#budgeting%20theory"
"entrepreneurial budgeting",1,"https://www.michaeloverton.net/research/browse.html#entrepreneurial%20budgeting"
"big data",1,"https://www.michaeloverton.net/research/browse.html#big%20data"
"public service delivery",1,"https://www.michaeloverton.net/research/browse.html#public%20service%20delivery"
"governance",1,"https://www.michaeloverton.net/research/browse.html#governance"
"mpa curriculum",1,"https://www.michaeloverton.net/research/browse.html#mpa%20curriculum"
